-- MySQL dump 10.13  Distrib 8.0.19, for Linux (x86_64)
--
-- Host: localhost    Database: github
-- ------------------------------------------------------
-- Server version	8.0.19

/*!40101 SET @OLD_CHARACTER_SET_CLIENT=@@CHARACTER_SET_CLIENT */;
/*!40101 SET @OLD_CHARACTER_SET_RESULTS=@@CHARACTER_SET_RESULTS */;
/*!40101 SET @OLD_COLLATION_CONNECTION=@@COLLATION_CONNECTION */;
/*!50503 SET NAMES utf8mb4 */;
/*!40103 SET @OLD_TIME_ZONE=@@TIME_ZONE */;
/*!40103 SET TIME_ZONE='+00:00' */;
/*!40014 SET @OLD_UNIQUE_CHECKS=@@UNIQUE_CHECKS, UNIQUE_CHECKS=0 */;
/*!40014 SET @OLD_FOREIGN_KEY_CHECKS=@@FOREIGN_KEY_CHECKS, FOREIGN_KEY_CHECKS=0 */;
/*!40101 SET @OLD_SQL_MODE=@@SQL_MODE, SQL_MODE='NO_AUTO_VALUE_ON_ZERO' */;
/*!40111 SET @OLD_SQL_NOTES=@@SQL_NOTES, SQL_NOTES=0 */;

--
-- Table structure for table `Comment`
--

DROP TABLE IF EXISTS `Comment`;
/*!40101 SET @saved_cs_client     = @@character_set_client */;
/*!50503 SET character_set_client = utf8mb4 */;
CREATE TABLE `Comment` (
  `id` varchar(255) NOT NULL,
  `post_id` varchar(255) NOT NULL,
  `username` varchar(255) NOT NULL,
  `body` text NOT NULL,
  `created_at` int NOT NULL,
  `updated_at` int NOT NULL,
  PRIMARY KEY (`id`),
  KEY `username` (`username`),
  KEY `post_id` (`post_id`),
  CONSTRAINT `Comment_ibfk_1` FOREIGN KEY (`username`) REFERENCES `User` (`username`),
  CONSTRAINT `Comment_ibfk_2` FOREIGN KEY (`post_id`) REFERENCES `Post` (`id`)
) ENGINE=InnoDB DEFAULT CHARSET=utf8mb4 COLLATE=utf8mb4_0900_ai_ci;
/*!40101 SET character_set_client = @saved_cs_client */;

--
-- Dumping data for table `Comment`
--

LOCK TABLES `Comment` WRITE;
/*!40000 ALTER TABLE `Comment` DISABLE KEYS */;
INSERT INTO `Comment` VALUES ('11843860','11843860','AttwellBrian','<p>Clean this up some time. And follow this: Read http://opencv.org/platforms/android/android-best-practices.html before making modifications.</p>',1362861825,1362861827),('123607701','123607701','nickyr','<p>This file would go in the OpenFonts directory also I guess.</p>',1450851263,1450851470),('145788671','145788671','alanyee','<p>Under \"Availability\" in the README.md, the Overleaf link links to a source template that is Version 1.1 (30/4/2014). I think this link should be updated to Version 1.2.</p>',1459800099,1459800099),('172885081','127175342','deedy','<p>I quite like it. I\'m no designer, but I think the lowercase headings for each section look nice, although the bold date ranges and location lines seem a little overbearing. The slightly bigger name section looks a bit cleaner but the margins seem a little large around it. I also think the descriptions would look better with bullets so the reader doesnt get lost in a wall of text (even though its paragraphed). Cool stuff though!</p>',1453216743,1453216743),('175121549','175121549','jck','',1473105017,1473143416),('254465081','254465081','wrmacrae','<p>I don\'t think anyone uses \"Github://\" outside of these resumes. If I\'m wrong and this is a real thing, feel free to decline. But it seems weird.</p>',1504212879,1504212879),('254465607','254465607','wrmacrae','<p>See other PR.</p>',1504212998,1504212998),('261485044','261485044','anthonyattard','<p>Does anyone know of any templates that are stylistically similar to Deedy? </p>',1506639220,1518661793),('277975364','277975364','anthonyattard','<p>If you believe this belongs in a separate repo let me know.</p>',1512008341,1512008341),('280992272','123607114','joshjacobson','<p>I think I actually prefer the two spaces. Perhaps this was an intentional design decision?</p>',1487568984,1487568984),('298012184','298012184','srdg','<p>I used this template and while making my CV, I felt it would be a cleaner design if we could separate the two columns with a single <code>vline</code>, with width, say, <code>0.4 pts</code>. Can that be included anywhere?</p>',1518881029,1518881029),('318514926','318514926','Jli0423','<p>Webpack dependency not installed with \'npm install\'</p>',1524855493,1524855493),('346216956','261485044','anthonyattard','<p>Thanks for the response.</p>',1511314834,1511314834),('348061332','261485044','anthonyattard','<p>Checkout my cover letter template https://github.com/anthonyattard/Deedy-Resume</p>',1512008220,1512008220),('355452779','355452779','brian-norman','<p>!git issues user repo add \"Issue title\" \"Issue description\"</p>',1535613006,1535613570),('355453005','355453005','brian-norman','<p>!google “anything”</p>',1535613056,1535613570),('355811190','355811190','brian-norman','<p>Glen requests this visual cue that the level has indeed changes, a good idea!</p>',1535680080,1535994770),('356879856','356879856','brian-norman','<p>Or any user\'s commits that week.</p>',1536077319,1554088072),('357461207','357461207','brian-norman','<p>Brian this would be significantly cooler if it auto-ran on a fixed time-period as you originally imagined... Learn how to do that! Heroku maybe?</p>',1536197030,1536197030),('365809119','261485044','anthonyattard','<p>Any chance this can be merged?</p>',1518661793,1518661793),('383948004','383948004','louisj381','<p>fudge</p>',1543021796,1543021796),('383948347','383948347','keenangaudio','',1543022138,1543022138),('383953069','383953069','keenangaudio','',1543027545,1543027545),('448359411','448359411','hengdashi','',1558733291,1564500122),('451217561','451217561','brian-norman','',1559498415,1559498415),('464977554','464977554','zahin-mohammad','',1562522649,1562522649),('464977589','464977589','zahin-mohammad','',1562522669,1562522669),('465815005','291973577','voidstarstar','<p>I didn\'t see any pull request for this issue, so I created #50.  Thanks for providing the solution.</p>',1550709802,1550709802),('481923312','481923312','tanyachawla412','',1566073628,1566073628),('517043197','517043197','anil-goudar','<p>How to specify the vertical limit so that the column contents can be modified accordingly.</p>',1572860880,1572860880),('536209332','536209332','SunnyNagam','',1576052051,1576052051),('545331007','545331007','zahin-mohammad','',1578170967,1578170967),('573408419','573408419','zahin-mohammad','',1583009138,1583009138),('57410171','57410171','EmmanueleSalvati','<p>Update from original</p>',1423709272,1423709272),('57681975','57681975','Void2258','<p>I did my undergrad at the Rochester Institute of Technology. The template puts the name on 2 lines, which is fine, but does so with atrocious spacing, as it spaces out the first three words to occupy the same space as University of Pittsburgh (my grad school). The end result looks horrible, no matter what I do.</p>',1423891489,1426913614),('581833854','581833854','daniel-lara-ec','<p>This remove the decimal place by default and updates the label positions</p>',1584307869,1584307869),('585583679','585583679','zahin-mohammad','',1584824397,1585023151),('585591514','585591514','brian-norman','',1584827209,1584828545),('588714915','588714915','MatejVe','<p>I have succesfully installed all the packages required for working in manim. Problem arrises when trying to run the example_scenes.py from the console. Console reports no errors and it seems like everything went smoothly, however no video windows pop up and actually show the animation. I am working on windows 10, python 3.7.3 32bit</p>',1585255317,1585256023),('590505279','590505279','lewis-cooper','<p>Is it possible to change the font that the axis values and the axis titles have?</p>',1585593463,1585593463),('592977009','592977009','lewis-cooper','<p>Is there anyway to take a graph thats already been plotted and find the gradient at each point of the graph and plot the values for the gradient on the graph?</p>',1585869816,1585869816),('600646029','583286873','luketimmerman314','<p>So how would I remedy this situation? How do I create a PSI_CREATURE_DIR or a MEDIA_DIR?</p>',1584540748,1584540748),('600705024','583286873','luketimmerman314','<p>Also, where is the image directory?</p>',1584546533,1584546533),('600722090','583833153','hanwenzhu','<p>I can do a PR for the change if needed</p>',1584547879,1584547879),('600955502','583833153','hanwenzhu','<h1>723 is also a pretty good idea and there is a similar pr #745 although it doesn\'t decouple CTeX from XeLaTeX</h1>',1584585223,1584585223),('600976923','583286873','hanwenzhu','<p>The <code>files</code> folder is meant to be in the directory that you called your python program (presumably the same directory as <code>conversation.py</code></p>',1584590586,1584590586),('600989330','583286873','hanwenzhu','<p>I\'m not sure, but my guess is that it\'s manim\'s problem working with SVG files, since if I remember correctly manim uses its own SVG parsing code. This works fine on LaTeX-generated SVG but most likely not on any SVG.</p>',1584593969,1584594156),('601005602','583286873','hanwenzhu','<p>The .tex file generates a .dvi file using the <code>latex</code> command, which is used to generate the .svg file using <code>dvisvgm</code>. This is in <a href=\"https://github.com/3b1b/manim/blob/master/manimlib/utils/tex_file_writing.py\">tex_file_writing.py</a>. The SVG parsing part is at the definition of SVGMobject <a href=\"https://github.com/3b1b/manim/blob/master/manimlib/mobject/svg/svg_mobject.py#L76\">here</a>. It only handles <code>&ltSEMICOLONdefs&gtSEMICOLON</code>, <code>&ltSEMICOLONg&gtSEMICOLON/&ltSEMICOLONsvg&gtSEMICOLON/&ltSEMICOLONsymbol&gtSEMICOLON</code>, <code>&ltSEMICOLONpath&gtSEMICOLON</code>, <code>&ltSEMICOLONuse&gtSEMICOLON</code>, <code>&ltSEMICOLONrect&gtSEMICOLON</code>, <code>&ltSEMICOLONcircle&gtSEMICOLON</code>, <code>&ltSEMICOLONellipse&gtSEMICOLON</code>, and <code>&ltSEMICOLONpolygon&gtSEMICOLON/&ltSEMICOLONpolyline&gtSEMICOLON</code>.</p>',1584598118,1584598118),('601017925','583286873','hanwenzhu','<p>I\'m not sure of that, but if PiCreatures_plain works on your <code>PsiCreature</code> class, I guess using Adobe Illustrator would make it work. If you want you can upload the SVG file to pastebin or GitHub gist.</p>',1584600840,1584600840),('601297561','583286873','luketimmerman314','<p>Ok, thanks! I\'ll try it and see!</p>',1584637040,1584637040),('602088618','584628633','luketimmerman314','<p>Hello?</p>',1584817584,1584817584),('602088666','584628633','luketimmerman314','<p>Do y\'all need more information?</p>',1584817602,1584817602),('602111660','585591514','brian-norman','<p>lol</p>',1584828544,1584828544),('602119164','584628633','luketimmerman314','<p>So, I\'ve been experimenting today, and I was able to get some of the simple .svg files I created in InkScape to render correctly when I ran my code. But, as the images got more complex, the images rendered completely terribly. I don\'t understand why this would be. I\'m using the same application, and I was even able to get Grant\'s PiCreatures_plain.svg to run through InkScape. Any suggestions?</p>',1584833447,1584833447),('603003326','585583679','zahin-mohammad','<p>Test</p>',1585023084,1585023084),('603003447','585583679','zahin-mohammad','<p>Comment 1</p>',1585023113,1585023113),('603003468','585583679','zahin-mohammad','<p>Comment 2</p>',1585023118,1585023118),('605441345','589400887','mvfs314','<p>And, about the <code>Braces()</code> it\'s not very useful when I want to use in a single text line :/</p>',1585398807,1585398807),('605602579','588606969','timalive','<p>I am getting the same issue when running in docker. Something to do with the fact that pyglet needs a display to run. There may be a solution using Xvfb</p>',1585470217,1585470217),('605678964','588606969','qo4on','<p>What text doesn\'t work? <code>tex_mobject</code> or <code>text_mobject</code>?</p>',1585506426,1585506426),('605798041','588606969','qo4on','<p>You can\'t get hardware acceleration with virtual displays such as xvfb. Can you render <code>SquareToCircle</code> in <code>shaders</code> version correctly?</p>',1585547883,1585547883),('605830554','588606969','timalive','<p>I was able to do it on mac - not in docker </p>',1585553299,1585553299),('605846659','588606969','qo4on','<p>Can you try to run it in Colab? I had no success there.</p>',1585555532,1585555532),('606809639','591325292','applemonkey496','<p>@einarf, so does that mean that if I\'m on MacOS (with Homebrew), to install pycairo, I would do <code>brew install cairo pkg-config</code> and then <code>pip3 install pycairo</code>? That would still be helpful to have that added to the docs, because right now I\'d say the instructions for MacOS installation are quite vague.</p>',1585680871,1585684511),('62188066','62188066','rrshaban','<p>\\emph and \\textit do nothing within any part of the template, and I haven\'t been able to figure out why. </p>',1426534802,1447765627);
/*!40000 ALTER TABLE `Comment` ENABLE KEYS */;
UNLOCK TABLES;

--
-- Table structure for table `Emoji`
--

DROP TABLE IF EXISTS `Emoji`;
/*!40101 SET @saved_cs_client     = @@character_set_client */;
/*!50503 SET character_set_client = utf8mb4 */;
CREATE TABLE `Emoji` (
  `emoji` varchar(255) NOT NULL,
  PRIMARY KEY (`emoji`)
) ENGINE=InnoDB DEFAULT CHARSET=utf8mb4 COLLATE=utf8mb4_0900_ai_ci;
/*!40101 SET character_set_client = @saved_cs_client */;

--
-- Dumping data for table `Emoji`
--

LOCK TABLES `Emoji` WRITE;
/*!40000 ALTER TABLE `Emoji` DISABLE KEYS */;
INSERT INTO `Emoji` VALUES ('-1'),('+1'),('confused'),('eyes'),('heart'),('hooray'),('laugh'),('rocket');
/*!40000 ALTER TABLE `Emoji` ENABLE KEYS */;
UNLOCK TABLES;

--
-- Table structure for table `FollowsRepository`
--

DROP TABLE IF EXISTS `FollowsRepository`;
/*!40101 SET @saved_cs_client     = @@character_set_client */;
/*!50503 SET character_set_client = utf8mb4 */;
CREATE TABLE `FollowsRepository` (
  `follower` varchar(255) NOT NULL,
  `repository_name` varchar(255) NOT NULL,
  PRIMARY KEY (`follower`,`repository_name`),
  KEY `repository_name` (`repository_name`),
  CONSTRAINT `FollowsRepository_ibfk_1` FOREIGN KEY (`follower`) REFERENCES `User` (`username`),
  CONSTRAINT `FollowsRepository_ibfk_2` FOREIGN KEY (`repository_name`) REFERENCES `Repository` (`name`)
) ENGINE=InnoDB DEFAULT CHARSET=utf8mb4 COLLATE=utf8mb4_0900_ai_ci;
/*!40101 SET character_set_client = @saved_cs_client */;

--
-- Dumping data for table `FollowsRepository`
--

LOCK TABLES `FollowsRepository` WRITE;
/*!40000 ALTER TABLE `FollowsRepository` DISABLE KEYS */;
INSERT INTO `FollowsRepository` VALUES ('3b1b','3b1b/manim'),('3b1b','3b1b/moderngl'),('3b1b','3b1b/perseus'),('AttwellBrian','AttwellBrian/agario'),('AttwellBrian','AttwellBrian/android-ramping-noise'),('AttwellBrian','AttwellBrian/Android-StaticLauncher'),('AttwellBrian','AttwellBrian/angularjs-Quizzler'),('AttwellBrian','AttwellBrian/CarND-Advanced-Lane-Lines'),('AttwellBrian','AttwellBrian/CarND-Behavioral-Cloning-P3'),('AttwellBrian','AttwellBrian/CarND-Extended-Kalman-Filter-Project'),('AttwellBrian','AttwellBrian/CarND-LaneLines-P1'),('AttwellBrian','AttwellBrian/CarND-Traffic-Sign-Classifier-Project'),('AttwellBrian','AttwellBrian/CarND-Unscented-Kalman-Filter-Project'),('AttwellBrian','AttwellBrian/CarND-Vehicle-Detection'),('AttwellBrian','AttwellBrian/contrib'),('AttwellBrian','AttwellBrian/dagger'),('AttwellBrian','AttwellBrian/decompiling-android'),('AttwellBrian','AttwellBrian/dexClassSizeAnalyzer'),('AttwellBrian','AttwellBrian/erlang-atrace-flamegraphs'),('AttwellBrian','AttwellBrian/face-access-control'),('AttwellBrian','AttwellBrian/helm-charts'),('AttwellBrian','AttwellBrian/hugo'),('AttwellBrian','AttwellBrian/JCenter'),('AttwellBrian','AttwellBrian/k8s-stackdriver'),('AttwellBrian','AttwellBrian/LinearAlloc-Samples'),('AttwellBrian','AttwellBrian/loglifecycle'),('AttwellBrian','AttwellBrian/material-components-android'),('AttwellBrian','AttwellBrian/nico'),('AttwellBrian','AttwellBrian/oatdump_plus'),('AttwellBrian','AttwellBrian/onelogin-oidc-java'),('AttwellBrian','AttwellBrian/onelogin-oidc-node'),('AttwellBrian','AttwellBrian/parse_androiddex'),('AttwellBrian','AttwellBrian/phab-username-highlighter-plugin'),('atulbipin','atulbipin/callback'),('atulbipin','atulbipin/clojure-spellchecker'),('atulbipin','atulbipin/dev-env-setup'),('zahin-mohammad','atulbipin/dev-env-setup'),('atulbipin','atulbipin/EngHacks'),('atulbipin','atulbipin/moment'),('atulbipin','atulbipin/PantsOrShorts-iOS'),('atulbipin','atulbipin/ReSwift'),('atulbipin','atulbipin/ShopifyDemo'),('atulbipin','atulbipin/spotify-slackbot'),('atulbipin','atulbipin/TrueFalseStarter'),('atulbipin','atulbipin/uw-wkrpt'),('atulbipin','atulbipin/VoiceChanger'),('atulbipin','atulbipin/WatSwift'),('brian-norman','brian-norman/bin2Dec'),('brian-norman','brian-norman/ChristmasRedditBot'),('brian-norman','brian-norman/column-remover'),('brian-norman','brian-norman/Covid-19'),('brian-norman','brian-norman/CubicPolynomial'),('brian-norman','brian-norman/Dem2Cal'),('brian-norman','brian-norman/ISeeYouHacking.com'),('brian-norman','brian-norman/sPam-Beesly'),('brian-norman','brian-norman/TrumpBot'),('SunnyNagam','brian-norman/TrumpBot'),('brian-norman','brian-norman/weightLess'),('deedy','deedy/2x2x2CubeSolver'),('deedy','deedy/3DGrapherJava'),('deedy','deedy/Apache-License'),('deedy','deedy/AudioGrab'),('deedy','deedy/Breakout'),('deedy','deedy/cbse_schools_data'),('deedy','deedy/CheerPeer'),('deedy','deedy/cisce_schools_data'),('deedy','deedy/Compilers'),('deedy','deedy/Connect4AI'),('deedy','deedy/cricket-predictor'),('deedy','deedy/CS5625Interactive'),('deedy','deedy/Custom-Scheme-Interpreter'),('deedy','deedy/Deedy-Resume'),('deedy','deedy/dotfiles'),('deedy','deedy/eBayBay'),('deedy','deedy/elasticsearch'),('deedy','deedy/Explorer-Navigational-Website'),('deedy','deedy/FacebookFun'),('deedy','deedy/FantasyIPL-Moneyball'),('deedy','deedy/FindPasture'),('deedy','deedy/gradcafe_data'),('deedy','deedy/HiddenMarkovModelRandomWalk'),('deedy','deedy/HotelManagement'),('deedy','deedy/india-nfhs4'),('deedy','deedy/javaee7-samples'),('deedy','deedy/jekyll'),('deedy','deedy/LabelStuffDataAnalysis'),('deedy','deedy/Latex-Templates'),('Jspsun','Jspsun/298Lab'),('Jspsun','Jspsun/AllisonLeagueSite'),('Jspsun','Jspsun/Athena'),('Jspsun','Jspsun/Athena1.0'),('Jspsun','Jspsun/Athena2.0'),('Jspsun','Jspsun/AthenaServer'),('Jspsun','Jspsun/AthenaSmartWatchFace'),('Jspsun','Jspsun/bettertouchtool-crypto'),('Jspsun','Jspsun/CompetitiveCoding'),('Jspsun','Jspsun/CtCI-6th-Edition-Python'),('Jspsun','Jspsun/DataStructures'),('Jspsun','Jspsun/DotFiles'),('Jspsun','Jspsun/DuoToneMaterial'),('Jspsun','Jspsun/ece124'),('Jspsun','Jspsun/employHer'),('Jspsun','Jspsun/EvolutionSimulator'),('Jspsun','Jspsun/express-frisk'),('Jspsun','Jspsun/Extend'),('Jspsun','Jspsun/FirstYearProgrammingPractice'),('Jspsun','Jspsun/FranzNotionSupport'),('Jspsun','Jspsun/godash'),('Jspsun','Jspsun/HackTheNorth2017'),('Jspsun','Jspsun/home-assistant'),('Jspsun','Jspsun/hypernova'),('Jspsun','Jspsun/Jonathan.solar'),('Jspsun','Jspsun/js.js'),('Jspsun','Jspsun/LEETCodePractice'),('Jspsun','Jspsun/markov-messenger-bot'),('Jspsun','Jspsun/MinimalReactBoilerPlate'),('Jspsun','Jspsun/Origin'),('pranavjain97','pranavjain97/Billing-System'),('pranavjain97','pranavjain97/Bouncy'),('pranavjain97','pranavjain97/ChessAI'),('pranavjain97','pranavjain97/gradSchool-analyser'),('pranavjain97','pranavjain97/JavaScript-Gists'),('pranavjain97','pranavjain97/LeetcodePractice'),('pranavjain97','pranavjain97/Marquee'),('pranavjain97','pranavjain97/Messenger-Pro'),('pranavjain97','pranavjain97/myPages--SPRING-MVC'),('pranavjain97','pranavjain97/myWebBrowser'),('pranavjain97','pranavjain97/pranavjain97.github.io'),('pranavjain97','pranavjain97/react-native-chatApp'),('pranavjain97','pranavjain97/ScoreBored'),('pranavjain97','pranavjain97/SyncUp'),('atulbipin','pranavjain97/the-social-network-backend'),('pranavjain97','pranavjain97/the-social-network-backend'),('atulbipin','pranavjain97/the-social-network-ios'),('pranavjain97','pranavjain97/the-social-network-ios'),('pranavjain97','pranavjain97/WeatherForMe'),('rahul-iyer','rahul-iyer/AI-resources'),('rahul-iyer','rahul-iyer/Allroundstudentevalsystem'),('rahul-iyer','rahul-iyer/autocompletetext'),('rahul-iyer','rahul-iyer/awesome-courses'),('rahul-iyer','rahul-iyer/BuildingMachineLearningSystemsWithPython'),('rahul-iyer','rahul-iyer/CSrankings'),('rahul-iyer','rahul-iyer/elasticsearch-jq'),('rahul-iyer','rahul-iyer/ghtorrent.org'),('rahul-iyer','rahul-iyer/http_request_signer_AWS'),('rahul-iyer','rahul-iyer/LBS'),('rahul-iyer','rahul-iyer/mcdowell-cv'),('rahul-iyer','rahul-iyer/Messaging-System'),('rahul-iyer','rahul-iyer/mosesdecoder'),('rahul-iyer','rahul-iyer/OpinionMiningForProductEnhancement'),('rahul-iyer','rahul-iyer/polite-dialogue-generation'),('rahul-iyer','rahul-iyer/rahul-iyer.github.io'),('rahul-iyer','rahul-iyer/repo_as_subtree'),('rahul-iyer','rahul-iyer/resumecard'),('rahul-iyer','rahul-iyer/smsdetection'),('rahul-iyer','rahul-iyer/SQL_to_English_Machine_Translation'),('rahul-iyer','rahul-iyer/torchMoji'),('rahul-iyer','rahul-iyer/transformer-xl'),('rahul-iyer','rahul-iyer/word2vec_commented'),('SunnyNagam','SunnyNagam/3DPool'),('SunnyNagam','SunnyNagam/AddingWithFriends'),('SunnyNagam','SunnyNagam/AntiSocialMediaStyleSheet'),('SunnyNagam','SunnyNagam/ArmageddonBlitz'),('SunnyNagam','SunnyNagam/ArraySorterVisualization'),('SunnyNagam','SunnyNagam/BattleField'),('SunnyNagam','SunnyNagam/BeerBot-backend'),('SunnyNagam','SunnyNagam/BMObot'),('SunnyNagam','SunnyNagam/Brun-Craft'),('SunnyNagam','SunnyNagam/cnn-ms-lesion-segmentation'),('SunnyNagam','SunnyNagam/DigitRecognition'),('SunnyNagam','SunnyNagam/ENSF480Project1'),('SunnyNagam','SunnyNagam/Fadeway'),('SunnyNagam','SunnyNagam/FancyFit'),('SunnyNagam','SunnyNagam/FizzBuzz-with-Deep-Neural-Networks'),('SunnyNagam','SunnyNagam/GANsPaperCollection'),('SunnyNagam','SunnyNagam/GlobalInternet'),('SunnyNagam','SunnyNagam/JokeTweetBot'),('SunnyNagam','SunnyNagam/Keras-GAN'),('SunnyNagam','SunnyNagam/LearningPlatform'),('SunnyNagam','SunnyNagam/Llama-Run'),('SunnyNagam','SunnyNagam/old.SunnyNagam.github.io'),('SunnyNagam','SunnyNagam/SENG438'),('SunnyNagam','SunnyNagam/site'),('SunnyNagam','SunnyNagam/sokasuki.github.io'),('SunnyNagam','SunnyNagam/SomeMachineLearningProject'),('SunnyNagam','SunnyNagam/StockMarketSimulator'),('SunnyNagam','SunnyNagam/sunnynagam.github.io'),('SunnyNagam','SunnyNagam/Sweet-Tooth'),('SunnyNagam','SunnyNagam/TriggerEdge'),('atulbipin','zahin-mohammad/dev-env-setup'),('zahin-mohammad','zahin-mohammad/dev-env-setup'),('brian-norman','zahin-mohammad/ece356-project'),('zahin-mohammad','zahin-mohammad/ece356-project'),('zahin-mohammad','zahin-mohammad/gh-analytics'),('zahin-mohammad','zahin-mohammad/RuHacks18');
/*!40000 ALTER TABLE `FollowsRepository` ENABLE KEYS */;
UNLOCK TABLES;

--
-- Table structure for table `FollowsUser`
--

DROP TABLE IF EXISTS `FollowsUser`;
/*!40101 SET @saved_cs_client     = @@character_set_client */;
/*!50503 SET character_set_client = utf8mb4 */;
CREATE TABLE `FollowsUser` (
  `follower` varchar(255) NOT NULL,
  `followee` varchar(255) NOT NULL,
  PRIMARY KEY (`follower`,`followee`),
  KEY `followee` (`followee`),
  CONSTRAINT `FollowsUser_ibfk_1` FOREIGN KEY (`follower`) REFERENCES `User` (`username`),
  CONSTRAINT `FollowsUser_ibfk_2` FOREIGN KEY (`followee`) REFERENCES `User` (`username`)
) ENGINE=InnoDB DEFAULT CHARSET=utf8mb4 COLLATE=utf8mb4_0900_ai_ci;
/*!40101 SET character_set_client = @saved_cs_client */;

--
-- Dumping data for table `FollowsUser`
--

LOCK TABLES `FollowsUser` WRITE;
/*!40000 ALTER TABLE `FollowsUser` DISABLE KEYS */;
INSERT INTO `FollowsUser` VALUES ('atulbipin','3b1b'),('atulbipin','AttwellBrian'),('atulbipin','brian-norman'),('atulbipin','deedy'),('atulbipin','Jspsun'),('atulbipin','pranavjain97'),('atulbipin','rahul-iyer'),('atulbipin','SunnyNagam'),('atulbipin','zahin-mohammad');
/*!40000 ALTER TABLE `FollowsUser` ENABLE KEYS */;
UNLOCK TABLES;

--
-- Table structure for table `Post`
--

DROP TABLE IF EXISTS `Post`;
/*!40101 SET @saved_cs_client     = @@character_set_client */;
/*!50503 SET character_set_client = utf8mb4 */;
CREATE TABLE `Post` (
  `id` varchar(255) NOT NULL,
  `repository_name` varchar(255) NOT NULL,
  `title` varchar(255) NOT NULL,
  `username` varchar(255) NOT NULL,
  PRIMARY KEY (`id`),
  KEY `username` (`username`),
  KEY `repository_name` (`repository_name`),
  CONSTRAINT `Post_ibfk_1` FOREIGN KEY (`username`) REFERENCES `User` (`username`),
  CONSTRAINT `Post_ibfk_2` FOREIGN KEY (`repository_name`) REFERENCES `Repository` (`name`)
) ENGINE=InnoDB DEFAULT CHARSET=utf8mb4 COLLATE=utf8mb4_0900_ai_ci;
/*!40101 SET character_set_client = @saved_cs_client */;

--
-- Dumping data for table `Post`
--

LOCK TABLES `Post` WRITE;
/*!40000 ALTER TABLE `Post` DISABLE KEYS */;
INSERT INTO `Post` VALUES ('11843860','AttwellBrian/face-access-control','Slow operatings on the UI thread','AttwellBrian'),('123607114','deedy/Deedy-Resume','Fix alignment of employer and position','nickyr'),('123607701','deedy/Deedy-Resume','Everyone loves Makefiles!','nickyr'),('127175342','deedy/Deedy-Resume','Suggestion on typography','isometric'),('142323881','deedy/Deedy-Resume','To fulfill the requirements in Chinese jobsearching','kirkang'),('145788671','deedy/Deedy-Resume','Update Overleaf','alanyee'),('175121549','deedy/Deedy-Resume','update fonts','jck'),('183199388','deedy/Deedy-Resume','I am not able to install or use the fonts on ubuntu 16.04 can anyone assist?','Data-drone'),('190428237','deedy/Deedy-Resume','Wrong accents with scshape','kfeine'),('198259639','Jspsun/Athena2.0','Error when handling non-words using Google API','Jspsun'),('208788231','deedy/Deedy-Resume','Column 2 Causes Overflow When Aligned at Same Depth as Column 1','joshjacobson'),('254465081','deedy/Deedy-Resume','Change links to not have \"://\"','wrmacrae'),('254465607','deedy/Deedy-Resume','Remove more \"//\"s','wrmacrae'),('261485044','deedy/Deedy-Resume','Cover Letters','anthonyattard'),('265499138','deedy/Deedy-Resume','adapting to 2 pages? ','csaund'),('273544317','deedy/Deedy-Resume','Extending to two Pages','naveenT1010'),('277975364','deedy/Deedy-Resume','Added Cover Letter Templates','anthonyattard'),('291973577','deedy/Deedy-Resume','Publications: overlap between section name and body','niranjantdesai'),('298012184','deedy/Deedy-Resume','Suggestion on design','srdg'),('307608049','deedy/Deedy-Resume','Solved the overflow issue, albeit temporarily.','DeeprajPandey'),('318514926','Jspsun/MinimalReactBoilerPlate','Webpack','Jli0423'),('318642291','deedy/Deedy-Resume','Modifying Colors','prateekiiest'),('350898657','deedy/Deedy-Resume','textbf not working in conjunction with this','yadavabhinav16'),('355452779','brian-norman/sPam-Beesly','Ability to add issues to a repo','brian-norman'),('355453005','brian-norman/sPam-Beesly','Add ability to google and pull up first search result','brian-norman'),('355811190','brian-norman/CubicPolynomial','Change barrier colour each level','brian-norman'),('356879856','brian-norman/sPam-Beesly','Report\'s new commits made every week in Cobresun','brian-norman'),('357461207','brian-norman/TrumpBot','Host and Auto-Run This','brian-norman'),('383727930','deedy/gradcafe_data','Any plan on updates?','li-boxuan'),('383948004','SunnyNagam/ENSF480Project1','Creating a catlog object that is an arraylist of Documents following abstract factory pattern','louisj381'),('383948347','SunnyNagam/ENSF480Project1','TODO: create catolog and open it at startup - connect checkDocument function in DB to search and display on gui','keenangaudio'),('383953069','SunnyNagam/ENSF480Project1','TODO: connect registered buyer updateData to DB with handler (assign observers)','keenangaudio'),('409262011','deedy/Deedy-Resume','Serbian accented c','utkuturk'),('412694458','deedy/Deedy-Resume','Fix Publications section overlap','voidstarstar'),('448359411','deedy/Deedy-Resume','fixed hacky space','hengdashi'),('451217561','brian-norman/sPam-Beesly','New PRs should notify the reviewers on discord','brian-norman'),('464977554','atulbipin/dev-env-setup','Add npm','zahin-mohammad'),('464977589','atulbipin/dev-env-setup','Add operating system specific flags','zahin-mohammad'),('478103608','deedy/Deedy-Resume','removing hanging indent in tightitemize','margarineHound'),('481923312','deedy/Deedy-Resume','Update deedy_resume.xtx','tanyachawla412'),('510116274','atulbipin/spotify-slackbot','Bump urllib3 from 1.23 to 1.24.2','dependabot[bot]'),('517043197','deedy/Deedy-Resume','How to specify the vertical limit in the document.?','anil-goudar'),('536209332','SunnyNagam/StockMarketSimulator','Add and plot change data (percentage change from previous day)','SunnyNagam'),('545331007','zahin-mohammad/dev-env-setup','Add xclip','zahin-mohammad'),('549249843','zahin-mohammad/dev-env-setup','Incorrect zsh paths in ~/.zshrc','zahin-mohammad'),('573408419','zahin-mohammad/dev-env-setup','Add flutter','zahin-mohammad'),('57410171','deedy/Deedy-Resume','Merge pull request #1 from deedydas/master','EmmanueleSalvati'),('57681975','deedy/Deedy-Resume','Large Institution names','Void2258'),('580052922','3b1b/manim','Trouble Downloading Requirements File','luketimmerman314'),('580929459','3b1b/manim','Updated Graph Scale factor at 10:29','iGeek098'),('581340665','AttwellBrian/nico','Bump acorn from 5.7.3 to 5.7.4 in /frontend','dependabot[bot]'),('581411761','3b1b/manim','manim numpy error','emanueldias242'),('581833854','3b1b/manim','Update graph_scene.py','daniel-lara-ec'),('583202077','3b1b/manim','Set the axis tick label numbers to be the same color as the axis.','rpadams'),('583286873','3b1b/manim','Trouble using SVG images in the newest form of manim','luketimmerman314'),('583833153','3b1b/manim','Reconsidering TEX_USE_CTEX / using XeLaTeX','hanwenzhu'),('584556456','3b1b/manim','Unable to run scenes with pi creatures','Haffi112'),('584628633','3b1b/manim','Trouble rendering an SVG Image correctly ','luketimmerman314'),('585583679','zahin-mohammad/ece356-project','Test Issue','zahin-mohammad'),('585591514','zahin-mohammad/ece356-project','Title','brian-norman'),('585766275','3b1b/manim','Help to install manim','Steff-san'),('587571726','3b1b/manim','Unable to run manim from Spyder','Enempie'),('588343035','3b1b/manim','Added virtual machine to install manim','girishgargcool'),('588606969','3b1b/manim','New Manim version that supports GPU','qo4on'),('588714915','3b1b/manim','When trying to run the example_scenes.py from the console nothing happens','MatejVe'),('588937811','3b1b/manim','Update cairo versions in README.md','Ranoiaetep'),('589007446','3b1b/manim','How to add a new line when using TextMobject like arrays','nosnakeob'),('589400887','3b1b/manim','Using braces','mvfs314'),('589568867','3b1b/manim','error that it is an `int` not `float`','edasubert'),('589661219','3b1b/manim','Fixed execution of counting.py','Lalourche'),('589883404','3b1b/manim','add death state to SIR model','timalive'),('590102894','3b1b/manim','LinearTransformationScene not working','Micoael'),('590320691','3b1b/manim','Unexpected error when plotting data points','lewis-cooper'),('590497153','3b1b/manim','doc','azarzadavila'),('590498714','3b1b/manim','Changed -1 to -1.0 for broader GPU suppot.','kolibril13'),('590505279','3b1b/manim','Can I change the axis font on graphs?','lewis-cooper'),('590532375','3b1b/manim','Generate some missing ressources for generate all scenes in from_3b1b/old/spirals','badele'),('591325292','3b1b/manim','Better pycairo installation instructions in docs','applemonkey496'),('591643321','3b1b/manim','Type Error: run() missing 1 required positional argument: \'self\' Fix a bug in extract_scene.py','chenxijun'),('592977009','3b1b/manim','Can I find the slope of a function and plot it?','lewis-cooper'),('593996872','3b1b/manim','Exception: Latex error converting to dvi and other errors during implementing transformation','arpon113'),('62188066','deedy/Deedy-Resume','No way to italicize','rrshaban'),('92031907','deedy/Deedy-Resume','\\sectionspace e \\begin{tightitemize} undefined control sequence','SquaredPi');
/*!40000 ALTER TABLE `Post` ENABLE KEYS */;
UNLOCK TABLES;

--
-- Table structure for table `Reaction`
--

DROP TABLE IF EXISTS `Reaction`;
/*!40101 SET @saved_cs_client     = @@character_set_client */;
/*!50503 SET character_set_client = utf8mb4 */;
CREATE TABLE `Reaction` (
  `comment_id` varchar(255) NOT NULL,
  `emoji` varchar(255) NOT NULL,
  `username` varchar(255) NOT NULL,
  PRIMARY KEY (`comment_id`,`emoji`,`username`),
  KEY `emoji` (`emoji`),
  KEY `username` (`username`),
  CONSTRAINT `Reaction_ibfk_1` FOREIGN KEY (`comment_id`) REFERENCES `Comment` (`id`),
  CONSTRAINT `Reaction_ibfk_2` FOREIGN KEY (`emoji`) REFERENCES `Emoji` (`emoji`),
  CONSTRAINT `Reaction_ibfk_3` FOREIGN KEY (`username`) REFERENCES `User` (`username`)
) ENGINE=InnoDB DEFAULT CHARSET=utf8mb4 COLLATE=utf8mb4_0900_ai_ci;
/*!40101 SET character_set_client = @saved_cs_client */;

--
-- Dumping data for table `Reaction`
--

LOCK TABLES `Reaction` WRITE;
/*!40000 ALTER TABLE `Reaction` DISABLE KEYS */;
INSERT INTO `Reaction` VALUES ('585583679','-1','zahin-mohammad'),('585583679','+1','zahin-mohammad'),('585583679','eyes','zahin-mohammad'),('585583679','heart','zahin-mohammad'),('585583679','hooray','zahin-mohammad'),('585583679','laugh','zahin-mohammad'),('585583679','rocket','zahin-mohammad');
/*!40000 ALTER TABLE `Reaction` ENABLE KEYS */;
UNLOCK TABLES;

--
-- Table structure for table `Reply`
--

DROP TABLE IF EXISTS `Reply`;
/*!40101 SET @saved_cs_client     = @@character_set_client */;
/*!50503 SET character_set_client = utf8mb4 */;
CREATE TABLE `Reply` (
  `comment_id` varchar(255) NOT NULL,
  `reply_id` varchar(255) NOT NULL,
  PRIMARY KEY (`comment_id`,`reply_id`),
  KEY `reply_id` (`reply_id`),
  CONSTRAINT `Reply_ibfk_1` FOREIGN KEY (`comment_id`) REFERENCES `Comment` (`id`),
  CONSTRAINT `Reply_ibfk_2` FOREIGN KEY (`reply_id`) REFERENCES `Comment` (`id`)
) ENGINE=InnoDB DEFAULT CHARSET=utf8mb4 COLLATE=utf8mb4_0900_ai_ci;
/*!40101 SET character_set_client = @saved_cs_client */;

--
-- Dumping data for table `Reply`
--

LOCK TABLES `Reply` WRITE;
/*!40000 ALTER TABLE `Reply` DISABLE KEYS */;
/*!40000 ALTER TABLE `Reply` ENABLE KEYS */;
UNLOCK TABLES;

--
-- Table structure for table `Repository`
--

DROP TABLE IF EXISTS `Repository`;
/*!40101 SET @saved_cs_client     = @@character_set_client */;
/*!50503 SET character_set_client = utf8mb4 */;
CREATE TABLE `Repository` (
  `name` varchar(255) NOT NULL,
  `description` text,
  `username` varchar(255) NOT NULL,
  `created_at` int NOT NULL,
  `updated_at` int NOT NULL,
  PRIMARY KEY (`name`),
  KEY `username` (`username`),
  CONSTRAINT `Repository_ibfk_1` FOREIGN KEY (`username`) REFERENCES `User` (`username`)
) ENGINE=InnoDB DEFAULT CHARSET=utf8mb4 COLLATE=utf8mb4_0900_ai_ci;
/*!40101 SET character_set_client = @saved_cs_client */;

--
-- Dumping data for table `Repository`
--

LOCK TABLES `Repository` WRITE;
/*!40000 ALTER TABLE `Repository` DISABLE KEYS */;
INSERT INTO `Repository` VALUES ('3b1b/manim','Animation engine for explanatory math videos','3b1b',1427050258,1586035664),('3b1b/moderngl','Modern OpenGL binding for python','3b1b',1578789394,1585825738),('3b1b/perseus','Perseus is Khan Academy\'s new exercise question editor and renderer.','3b1b',1456188280,1585997182),('AttwellBrian/agario','Realtime multiplayer game, in spirit of agar.io','AttwellBrian',1542900447,1544023770),('AttwellBrian/android-ramping-noise','Android app that gradually starts generating white noise after you fall asleep.','AttwellBrian',1444969617,1482816441),('AttwellBrian/Android-StaticLauncher','An example project of Android annotation processing using Gradle.','AttwellBrian',1435622399,1435622399),('AttwellBrian/angularjs-Quizzler','The AngularJS Challenge: Create an online Quiz builder & testing application.','AttwellBrian',1507843413,1507843415),('AttwellBrian/CarND-Advanced-Lane-Lines','','AttwellBrian',1533500160,1534779177),('AttwellBrian/CarND-Behavioral-Cloning-P3','Starting files for the Udacity CarND Behavioral Cloning Project','AttwellBrian',1532297498,1532905502),('AttwellBrian/CarND-Extended-Kalman-Filter-Project','Self-Driving Car Nanodegree Program Starter Code for the Extended Kalman Filter Project','AttwellBrian',1538348763,1538860066),('AttwellBrian/CarND-LaneLines-P1','Lane Finding Project for Self-Driving Car ND','AttwellBrian',1528653899,1528685419),('AttwellBrian/CarND-Traffic-Sign-Classifier-Project','Classify Traffic Signs.','AttwellBrian',1531702460,1532291594),('AttwellBrian/CarND-Unscented-Kalman-Filter-Project','Self-Driving Car Nanodegree Program Starter Code for the Unscented Kalman Filter Project','AttwellBrian',1539554276,1539554504),('AttwellBrian/CarND-Vehicle-Detection','Vehicle Detection Project','AttwellBrian',1535313799,1535313801),('AttwellBrian/contrib','This is a place for various components in the Kubernetes ecosystem that aren\'t part of the Kubernetes core. Consider creating a new repo instead.','AttwellBrian',1548918534,1555470271),('AttwellBrian/dagger','A fast dependency injector for Android and Java.','AttwellBrian',1470704904,1470704906),('AttwellBrian/decompiling-android','Source code for \'Decompiling Android\' by Godfrey Nolan','AttwellBrian',1497886209,1497886211),('AttwellBrian/dexClassSizeAnalyzer','Tool for analyzing size of classes in dex files','AttwellBrian',1497626751,1541786794),('AttwellBrian/erlang-atrace-flamegraphs','Generate flamegraphs from Android method trace files','AttwellBrian',1506583608,1506583610),('AttwellBrian/face-access-control','Face Unlock','AttwellBrian',1359429496,1538224093),('AttwellBrian/helm-charts','You know, for Kubernetes','AttwellBrian',1573087763,1573087765),('AttwellBrian/hugo','Annotation-triggered method call logging for your debug builds.','AttwellBrian',1446512052,1490264869),('AttwellBrian/JCenter','','AttwellBrian',1434790315,1456960812),('AttwellBrian/k8s-stackdriver','','AttwellBrian',1548707140,1551470522),('AttwellBrian/LinearAlloc-Samples','LinearAlloc sample code','AttwellBrian',1520631142,1520631144),('AttwellBrian/loglifecycle','Logs all lifecycle methods of annotated Activities, Fragments, Services, Views, etc.','AttwellBrian',1436296862,1436296863),('AttwellBrian/material-components-android','Modular and customizable Material Design UI components for Android','AttwellBrian',1519249814,1519249819),('AttwellBrian/nico','A web game written with family over Chistmas.','AttwellBrian',1577242115,1578541641),('AttwellBrian/oatdump_plus','Extended oatdump from Android ART repo, to support class & method level dumps','AttwellBrian',1497887904,1497887911),('AttwellBrian/onelogin-oidc-java','OpenId Connect client examples for Java apps','AttwellBrian',1555424385,1555424387),('AttwellBrian/onelogin-oidc-node','OpenId Connect client examples for SPA or Node apps','AttwellBrian',1555369349,1555369354),('AttwellBrian/parse_androiddex','解析Android中的dex文件格式','AttwellBrian',1497885332,1497885334),('AttwellBrian/phab-username-highlighter-plugin','Highlights specified usernames in the reviewer line under diffs. Helps you determine if you have been directly added as a reviewer, or if you have been added as a part of a group. Also deletes diffs that you have approved from your queue.','AttwellBrian',1468655515,1491190598),('atulbipin/callback','A full-stack web app that lets users send out surveys to a group of people for their product/business','atulbipin',1510904138,1516674933),('atulbipin/clojure-spellchecker','A simple spellchecker written in Clojure','atulbipin',1507445750,1511136027),('atulbipin/dev-env-setup','','zahin-mohammad',1561913978,1562184324),('atulbipin/EngHacks','EngHacks project','atulbipin',1495827899,1495828176),('atulbipin/moment','Parse, validate, manipulate, and display dates in javascript.','atulbipin',1570304055,1570304057),('atulbipin/PantsOrShorts-iOS','The Official iOS Port of Pants or Shorts','atulbipin',1534654817,1534703920),('atulbipin/ReSwift','Unidirectional Data Flow in Swift - Inspired by Redux','atulbipin',1508502525,1508502526),('atulbipin/ShopifyDemo','','atulbipin',1493770551,1493770760),('atulbipin/spotify-slackbot','','atulbipin',1533370439,1533402366),('atulbipin/TrueFalseStarter','','atulbipin',1474988741,1474988858),('atulbipin/uw-wkrpt','LaTeX class for writing work reports for the University of Waterloo.','atulbipin',1542821986,1542821988),('atulbipin/VoiceChanger','','atulbipin',1484112766,1495203590),('atulbipin/WatSwift','UWaterloo OpenData Client in Swift','atulbipin',1490422342,1490422343),('brian-norman/bin2Dec','💯 Quick and dirty app to convert binary to decimal','brian-norman',1572318665,1578841352),('brian-norman/ChristmasRedditBot','🎅🏼 Python Reddit Bot I made in 2014 to respond to \"Merry Christmas\" in Reddit comments','brian-norman',1496942040,1574138839),('brian-norman/column-remover','A simple column remover for large files (any character separated)','brian-norman',1490990865,1574138862),('brian-norman/Covid-19','🦠 Tracking stats about Covid-19','brian-norman',1585367768,1585420980),('brian-norman/CubicPolynomial','🎮 3D Minimalist Arcade Game for Android and Mac/PC. Download on the Play Store now!','brian-norman',1534567204,1548735586),('brian-norman/Dem2Cal','📆 Downloads course schedules from school website and uploads it to Google Calendar.','brian-norman',1440948583,1574138756),('brian-norman/ISeeYouHacking.com','🔌 Website and winner of Martello API Challenge at CUHacking 2017.','brian-norman',1488817094,1535697537),('brian-norman/sPam-Beesly','💁🏼 A general purpose Discord Bot with GitHub API integration useful for teams.','brian-norman',1535390982,1584546815),('brian-norman/TrumpBot','🤴🏻 A twitter bot that aggregates and lists Trump\'s most tweeted words.','SunnyNagam',1486237542,1535697411),('brian-norman/weightLess','⚖️ Weight Tracking Android Application','brian-norman',1578949523,1579550401),('deedy/2x2x2CubeSolver','A text-based 2x2x2 Rubix Cube Solver, built in OCaml.','deedy',1350830804,1399610502),('deedy/3DGrapherJava','A 3D Graphing tool in Java','deedy',1350792265,1396149170),('deedy/Apache-License','How to add Apache license to a project','deedy',1399116921,1522040275),('deedy/AudioGrab','A script that fetches the top 100 songs of iTunes off the web, albeit unreliably.','deedy',1350801958,1386595599),('deedy/Breakout','A full implementation of the classic game Breakout on Java','deedy',1350792527,1381444364),('deedy/cbse_schools_data','Cleaned, scraped data of all 20,367 CBSE schools, primarily in India, in 2018. Data scraped from: cbseaff.nic.in/cbse_aff/schdir_Report/userview.aspx','deedy',1521484057,1580686203),('deedy/CheerPeer','Submission for the Human API hackathon','deedy',1373187593,1493625836),('deedy/cisce_schools_data','Cleaned, scraped data of all 2,341 CISCE schools, primarily in India, in 2018. Data scraped from: http://www.cisce.org/locate-search.aspx?country=0&state=0&dist=0&city=0&location=&schooltype=&cve=&isc=&icse=&schoolclassi=&school=&search=locate','deedy',1521524165,1569397692),('deedy/Compilers','Compilers Repo','deedy',1378425809,1493625816),('deedy/Connect4AI','A web-based Connect Four game built on the Java/Scala framework, Play. Intended to backed by an AI based on Minimax Trees, Heuristic Search and Alpha-Beta Pruning.','deedy',1382838159,1493625819),('deedy/cricket-predictor','','deedy',1462286593,1538231878),('deedy/CS5625Interactive','','deedy',1365269141,1493625840),('deedy/Custom-Scheme-Interpreter','A custom Scheme Interpreter designed in OCaml.','deedy',1350830555,1579223670),('deedy/Deedy-Resume','A one page , two asymmetric column resume template in XeTeX that caters to an undergraduate Computer Science student','deedy',1398860075,1586015402),('deedy/dotfiles','My dotfiles','deedy',1411330858,1493625801),('deedy/eBayBay','A Chrome Extension that finds better prices for books on eBay if you\'re about to buy it on Amazon.','deedy',1351923534,1493625851),('deedy/elasticsearch','Open Source, Distributed, RESTful Search Engine','deedy',1380740771,1493625824),('deedy/Explorer-Navigational-Website','A file explorer like navigational website which allows adding, storing and viewing of images, other webpages and other file formats.','deedy',1350832687,1383639491),('deedy/FacebookFun','A few shell scripts which shows you some fun facts about your Facebook profile.','deedy',1350829554,1556696225),('deedy/FantasyIPL-Moneyball','','deedy',1397608100,1493625803),('deedy/FindPasture','Submission for the Stanford Hack/Meat 2013 Hackathon','deedy',1372028316,1493625838),('deedy/gradcafe_data','','deedy',1447772675,1580777405),('deedy/HiddenMarkovModelRandomWalk','','deedy',1433922613,1556466871),('deedy/HotelManagement','A text-based Hotel Management application built on C++.','deedy',1350794417,1422801444),('deedy/india-nfhs4','','deedy',1494628197,1558110529),('deedy/javaee7-samples','Java EE 7 Samples','deedy',1380744294,1493625826),('deedy/jekyll','Jekyll is a blog-aware, static site generator in Ruby','deedy',1399290001,1493625808),('deedy/LabelStuffDataAnalysis','Some tools to analyze the .xml data of LabelStuff, http://labelstuff.cs.cornell.edu/','deedy',1350792924,1392556391),('deedy/Latex-Templates','A concise set of Latex templates that serves a small set of needs - CV, Essays, Articles and Problem Sets','deedy',1398853284,1585747651),('Jspsun/298Lab','','Jspsun',1574198765,1575414135),('Jspsun/AllisonLeagueSite','A little joke site I put together for my GF that uses League\'s stylesheets','Jspsun',1503016030,1503116719),('Jspsun/Athena','Master repository for AthenaAI: an all purpose voice assistant: Think Iron Man\'s Jarvis but real :D','Jspsun',1496432466,1496439412),('Jspsun/Athena1.0','A Voice assistant that lets you control your computer hands free','Jspsun',1478338382,1566993660),('Jspsun/Athena2.0','An IOT voice assistant with natural language processing, smart home integration and talk-back functionality.','Jspsun',1483207850,1496435318),('Jspsun/AthenaServer','','Jspsun',1496370660,1496370713),('Jspsun/AthenaSmartWatchFace','','Jspsun',1496431858,1496431922),('Jspsun/bettertouchtool-crypto','Crypto stock market prices for your Macbook Pro touch bar! (Bitcoin, Ethereum, Litecoin, Neo, and Civic)','Jspsun',1514446015,1514333159),('Jspsun/CompetitiveCoding','Just me doing some easy-medium contest problems. The key was to do it in O(fast enough)','Jspsun',1478830667,1478830706),('Jspsun/CtCI-6th-Edition-Python','Cracking the Coding Interview 6th Ed. Python Solutions','Jspsun',1508179884,1583890665),('Jspsun/DataStructures','Some implementation of data structures','Jspsun',1482802882,1482803050),('Jspsun/DotFiles','Cause setting up my macros each time I get a new computer is a pain','Jspsun',1527909891,1578905808),('Jspsun/DuoToneMaterial','A custom Atom IDE theme! My personal theme with matching colors and material ui','Jspsun',1485516138,1485516364),('Jspsun/ece124','','Jspsun',1513113064,1513113066),('Jspsun/employHer','','Jspsun',1480377292,1480377294),('Jspsun/EvolutionSimulator','Visualize evolution in a really pretty way!','Jspsun',1493177931,1495260563),('Jspsun/express-frisk','Express middleware to validate incoming requests','Jspsun',1505321041,1505321042),('Jspsun/Extend','Chrome browser extension that bridges Ethereum blockhain with reddit','Jspsun',1511212386,1511212388),('Jspsun/FirstYearProgrammingPractice','Just a few practice problems that I\'m guessing may show up on my first year programming exam','Jspsun',1481567390,1481567673),('Jspsun/FranzNotionSupport','','Jspsun',1540499854,1540507784),('Jspsun/godash','Lodash utility functions for Go','Jspsun',1511307298,1511307063),('Jspsun/HackTheNorth2017','','Jspsun',1505536342,1505634778),('Jspsun/home-assistant',':house_with_garden: Open source home automation that puts local control and privacy first','Jspsun',1577223989,1577223992),('Jspsun/hypernova','A service for server-side rendering your JavaScript views','Jspsun',1505788773,1505788775),('Jspsun/Jonathan.solar','My personal site! Animated with 100% Css animations :^)','Jspsun',1487053744,1526875385),('Jspsun/js.js','All the UI components I\'ve made, baked into a nice library','Jspsun',1577344186,1578294582),('Jspsun/LEETCodePractice','All the code I\'ve written in preparation for coding interviews','Jspsun',1476510179,1579936923),('Jspsun/markov-messenger-bot','A Fb Messanger autoresponder that mimics the way you speak','Jspsun',1496690656,1524889626),('Jspsun/MinimalReactBoilerPlate','A super minimal react boilerplate that uses webpack, react router and babel.','Jspsun',1523980187,1526878831),('Jspsun/Origin','A small game that I put together in Java','Jspsun',1478829820,1487485125),('pranavjain97/Billing-System','A desktop application which allows admins and customers to Search, Modify, Copy, Add and Delete records separately. Flexible to be used by Hotels/Supermarkets and similar.  ','pranavjain97',1473828438,1490363001),('pranavjain97/Bouncy','A Java Arcade Game ','pranavjain97',1487557284,1560142292),('pranavjain97/ChessAI','','pranavjain97',1534708687,1558453948),('pranavjain97/gradSchool-analyser','','pranavjain97',1490305772,1490306047),('pranavjain97/JavaScript-Gists','Snippets for Phone Library, Rock Paper Scissors, Cash Register','pranavjain97',1473830088,1487962877),('pranavjain97/LeetcodePractice','My solutions which I\'ve written in preparation for the coding interviews in Java and Python','pranavjain97',1489466727,1490979369),('pranavjain97/Marquee','Scrolling text','pranavjain97',1477970714,1477970842),('pranavjain97/Messenger-Pro','Exchanges messages on the same computer between Client and Server. Implemented using GUI libraries, server sockets and streams','pranavjain97',1473827395,1558453076),('pranavjain97/myPages--SPRING-MVC','On Local Host','pranavjain97',1469399905,1469400205),('pranavjain97/myWebBrowser','A simple Web Browser made with Java','pranavjain97',1469888313,1487962798),('pranavjain97/pranavjain97.github.io','','pranavjain97',1474780539,1557518235),('pranavjain97/react-native-chatApp','','pranavjain97',1506821671,1506822018),('pranavjain97/ScoreBored','An Android App developed at Penn Apps Hackathon, where 2 users can communicate to rate a 3rd person by on-spot tapping. ','pranavjain97',1473587294,1490766557),('pranavjain97/SyncUp','','pranavjain97',1489466079,1489610986),('pranavjain97/the-social-network-backend','','pranavjain97',1520484955,1520484957),('pranavjain97/the-social-network-ios','','pranavjain97',1520484882,1520484884),('pranavjain97/WeatherForMe','','pranavjain97',1492995577,1492995841),('rahul-iyer/AI-resources','Selection of resources to learn Artificial Intelligence / Machine Learning / Deep Learning ','rahul-iyer',1496685684,1496682732),('rahul-iyer/Allroundstudentevalsystem','All round student evaluation system using Machine learning','rahul-iyer',1401786520,1482173030),('rahul-iyer/autocompletetext','My First project.Used JavaScript/Jquery/PHP for autocomplete text.The Suggestions are based upon data in the database ','rahul-iyer',1390046611,1390099560),('rahul-iyer/awesome-courses',':books: List of awesome university courses for learning Computer Science!','rahul-iyer',1489167773,1494485227),('rahul-iyer/BuildingMachineLearningSystemsWithPython','Source Code for the book Building Machine Learning Systems with Python','rahul-iyer',1433416592,1494485159),('rahul-iyer/CSrankings','A web app for ranking computer science departments according to their research output in selective venues.','rahul-iyer',1555541002,1555541006),('rahul-iyer/elasticsearch-jq','','rahul-iyer',1482751597,1482751620),('rahul-iyer/ghtorrent.org','The GHtorrent project website','rahul-iyer',1508376150,1508376152),('rahul-iyer/http_request_signer_AWS','Signs the HTTP request producing Authorization headers for AWS API Gateway requests.','rahul-iyer',1495617617,1507666317),('rahul-iyer/LBS','All round Eval System using machine learning','rahul-iyer',1401787136,1436586560),('rahul-iyer/mcdowell-cv','A Nice-looking CV template made into LaTeX','rahul-iyer',1552699114,1552699116),('rahul-iyer/Messaging-System','Facebook like messaging System especially developed for Joomla CMS using Joomla API and PHP.','rahul-iyer',1390132784,1482173214),('rahul-iyer/mosesdecoder','Moses, the machine translation system','rahul-iyer',1434077353,1434077363),('rahul-iyer/OpinionMiningForProductEnhancement','BE project','rahul-iyer',1463326651,1463326669),('rahul-iyer/polite-dialogue-generation','Code for \"Polite Dialogue Generation Without Parallel Data\"','rahul-iyer',1539797563,1539797565),('rahul-iyer/rahul-iyer.github.io','Personal Page','rahul-iyer',1479987263,1554045005),('rahul-iyer/repo_as_subtree','Pulls a repository and makes it as a sub folder in another respository','rahul-iyer',1482751814,1482751850),('rahul-iyer/resumecard','You can see the live demo','rahul-iyer',1482731512,1482731515),('rahul-iyer/smsdetection','SMS spam detector','rahul-iyer',1442487227,1442496227),('rahul-iyer/SQL_to_English_Machine_Translation','','rahul-iyer',1472793418,1472794468),('rahul-iyer/torchMoji','A pyTorch implementation of the DeepMoji model: state-of-the-art deep learning model for analyzing sentiment, emotion, sarcasm etc','rahul-iyer',1517632371,1517632373),('rahul-iyer/transformer-xl','','rahul-iyer',1549075621,1549075623),('rahul-iyer/word2vec_commented','Commented (but unaltered) version of original word2vec C implementation.','rahul-iyer',1491039605,1491039606),('SunnyNagam/3DPool','3DPool Game made in the Java based language \"Processing\"','SunnyNagam',1507228845,1507228890),('SunnyNagam/AddingWithFriends','Learning to use git to cooperate with other people via adding numbers','SunnyNagam',1446257635,1446259691),('SunnyNagam/AntiSocialMediaStyleSheet','','SunnyNagam',1528385872,1528386560),('SunnyNagam/ArmageddonBlitz','','SunnyNagam',1579745114,1579751391),('SunnyNagam/ArraySorterVisualization','A simple program that provides a visualization for different sorting algorithms','SunnyNagam',1476167267,1485281253),('SunnyNagam/BattleField','Comp Sci 2015 ','SunnyNagam',1446493225,1556932270),('SunnyNagam/BeerBot-backend','','SunnyNagam',1557002350,1557008909),('SunnyNagam/BMObot','A friendly discord bot with the ultimate goal of contextual human language processing!','SunnyNagam',1535404706,1557976174),('SunnyNagam/Brun-Craft','Waterloo come at us ','SunnyNagam',1448149859,1448150045),('SunnyNagam/cnn-ms-lesion-segmentation','MS lesion segmentation using cascaded 3D convolutional neural networks','SunnyNagam',1526570332,1526570334),('SunnyNagam/DigitRecognition','Neural network in Java to read simple writing','SunnyNagam',1493452700,1497409961),('SunnyNagam/ENSF480Project1','','SunnyNagam',1542451305,1543283063),('SunnyNagam/Fadeway','Cobresun GameJam 2k17 possibly #1 but ya know we\'ll see what happens, we\'re all busy but at the same time appreciate coding so we might do another one on winter break or Christmas or something like that idk, a Christmas themed gamejam would be lit af not that I\'m saying we\'d do one I\'m just saying it would be lit if we possibly did one maybe ok?','SunnyNagam',1507429464,1507489796),('SunnyNagam/FancyFit','Personal Fitness Android Application ','SunnyNagam',1534125595,1536482904),('SunnyNagam/FizzBuzz-with-Deep-Neural-Networks','Accuracy - 99%','SunnyNagam',1527289228,1527300935),('SunnyNagam/GANsPaperCollection','','SunnyNagam',1531515432,1531515434),('SunnyNagam/GlobalInternet','Information about any location, at your fingertips.','SunnyNagam',1554372607,1554961710),('SunnyNagam/JokeTweetBot','Tweets top voted joke from reddit daily','SunnyNagam',1497475412,1497475660),('SunnyNagam/Keras-GAN','Keras implementations of Generative Adversarial Networks.','SunnyNagam',1529625387,1529625389),('SunnyNagam/LearningPlatform','','SunnyNagam',1522488817,1523652340),('SunnyNagam/Llama-Run','Cobresun Game Jam 2015 ','SunnyNagam',1421547113,1507225116),('SunnyNagam/old.SunnyNagam.github.io','A website for me! Learning html and css bbqs.','SunnyNagam',1435277631,1530316347),('SunnyNagam/SENG438','SENG438 ','SunnyNagam',1550085203,1550085205),('SunnyNagam/site','','SunnyNagam',1526783676,1526785334),('SunnyNagam/sokasuki.github.io','','SunnyNagam',1418794829,1562267386),('SunnyNagam/SomeMachineLearningProject','A convolutional neural network based on the CycleGan architecture designed to turn cartoons into realistic photos and the other way around.','SunnyNagam',1554078790,1579401305),('SunnyNagam/StockMarketSimulator','','SunnyNagam',1576038098,1578122344),('SunnyNagam/sunnynagam.github.io','Personal site','SunnyNagam',1530316429,1574322013),('SunnyNagam/Sweet-Tooth','','SunnyNagam',1421552011,1574138627),('SunnyNagam/TriggerEdge','','SunnyNagam',1446346306,1556932262),('zahin-mohammad/dev-env-setup','','zahin-mohammad',1561915194,1578170933),('zahin-mohammad/ece356-project','A social network using sample data retrieved from the github api. This project was completed for the database course at UWaterloo, ECE356, taught by Paul Ward.','zahin-mohammad',1584815817,1586034871),('zahin-mohammad/gh-analytics','Playing around with the github API.','zahin-mohammad',1581691457,1581722071),('zahin-mohammad/RuHacks18','RuHacks 2018. An app that utilizes your phones location and the Toronto AC locations API to find you the nearest publicly accessible air conditioned area.','zahin-mohammad',1527294449,1527558689);
/*!40000 ALTER TABLE `Repository` ENABLE KEYS */;
UNLOCK TABLES;

--
-- Table structure for table `User`
--

DROP TABLE IF EXISTS `User`;
/*!40101 SET @saved_cs_client     = @@character_set_client */;
/*!50503 SET character_set_client = utf8mb4 */;
CREATE TABLE `User` (
  `username` varchar(255) NOT NULL,
  `name` varchar(255) DEFAULT NULL,
  `avatar_url` varchar(255) NOT NULL,
  `email` varchar(255) DEFAULT NULL,
  `last_login_time` int NOT NULL,
  `password` varchar(255) NOT NULL,
  PRIMARY KEY (`username`)
) ENGINE=InnoDB DEFAULT CHARSET=utf8mb4 COLLATE=utf8mb4_0900_ai_ci;
/*!40101 SET character_set_client = @saved_cs_client */;

--
-- Dumping data for table `User`
--

LOCK TABLES `User` WRITE;
/*!40000 ALTER TABLE `User` DISABLE KEYS */;
INSERT INTO `User` VALUES ('3b1b','Grant Sanderson','https://avatars0.githubusercontent.com/u/11601040?v=4','3b1b@example.com',1586036448,'password'),('alanyee','Alan Yee','https://avatars2.githubusercontent.com/u/1873994?v=4','alanyee@example.com',1586036530,'password'),('anil-goudar','Anilkumar C Goudar','https://avatars1.githubusercontent.com/u/46928637?v=4','anil-goudar@example.com',1586036516,'password'),('anthonyattard','Anthony Attard','https://avatars0.githubusercontent.com/u/8838135?v=4','anthony@anthonyattard.com',1586036525,'password'),('applemonkey496','None','https://avatars0.githubusercontent.com/u/55333787?v=4','applemonkey496@example.com',1586036578,'password'),('arpon113','None','https://avatars1.githubusercontent.com/u/53269641?v=4','arpon113@example.com',1586036576,'password'),('AttwellBrian','Brian Attwell','https://avatars3.githubusercontent.com/u/549900?v=4','AttwellBrian@example.com',1586036507,'password'),('atulbipin','Atul Bipin','https://avatars2.githubusercontent.com/u/19649216?v=4','atulbipin@gmail.com',1586036446,'password'),('azarzadavila','None','https://avatars1.githubusercontent.com/u/37216245?v=4','azarzadavila@example.com',1586036580,'password'),('badele','Bruno Adele','https://avatars0.githubusercontent.com/u/2806307?v=4','badele@example.com',1586036579,'password'),('brian-norman','Brian Norman','https://avatars0.githubusercontent.com/u/9154202?v=4','briankn8@gmail.com',1586036623,'password'),('chenxijun','尘息','https://avatars1.githubusercontent.com/u/16610294?v=4','chenxijun2247338@hotmail.com',1586036577,'password'),('csaund','Carolyn Saund','https://avatars3.githubusercontent.com/u/2955073?v=4','carolyn.saund@gmail.com',1586036523,'password'),('daniel-lara-ec','None','https://avatars1.githubusercontent.com/u/53488713?v=4','daniel-lara-ec@example.com',1586036600,'password'),('Data-drone','Brian','https://avatars3.githubusercontent.com/u/4410493?v=4','Data-drone@example.com',1586036529,'password'),('deedy','Debarghya Das','https://avatars1.githubusercontent.com/u/1846373?v=4','dd367@cornell.edu',1586036447,'password'),('DeeprajPandey','Deepraj Pandey','https://avatars1.githubusercontent.com/u/15888623?v=4','DeeprajPandey@example.com',1586036521,'password'),('dependabot[bot]','None','https://avatars0.githubusercontent.com/in/29110?v=4','dependabot[bot]@example.com',1586036505,'password'),('edasubert','None','https://avatars3.githubusercontent.com/u/6988280?v=4','edasubert@example.com',1586036583,'password'),('emanueldias242','None','https://avatars1.githubusercontent.com/u/59492262?v=4','emanueldias242@example.com',1586036600,'password'),('EmmanueleSalvati','Emmanuele Salvati','https://avatars3.githubusercontent.com/u/2431631?v=4','EmmanueleSalvati@example.com',1586036536,'password'),('Enempie','None','https://avatars1.githubusercontent.com/u/62567027?v=4','Enempie@example.com',1586036591,'password'),('girishgargcool','Girish Garg','https://avatars3.githubusercontent.com/u/52619530?v=4','girishgargcool@gmail.com',1586036590,'password'),('Haffi112','Hafsteinn Einarsson','https://avatars3.githubusercontent.com/u/122062?v=4','haffi.e@gmail.com',1586036594,'password'),('hanwenzhu','Thomas Zhu','https://avatars1.githubusercontent.com/u/29544653?v=4','hanwenzhu@example.com',1586036595,'password'),('hengdashi','Hengda Shi','https://avatars1.githubusercontent.com/u/17505657?v=4','hengda.shi@engineering.ucla.edu',1586036517,'password'),('iGeek098','Youssef Mohammed','https://avatars1.githubusercontent.com/u/11638396?v=4','youssef.2012.0@gmail.com',1586036601,'password'),('isometric','James Deng','https://avatars1.githubusercontent.com/u/1491297?v=4','james.deng@alumni.ubc.ca',1586036531,'password'),('jck','Keerthan Jaic','https://avatars1.githubusercontent.com/u/315886?v=4','jck@example.com',1586036529,'password'),('Jli0423','Justin Li','https://avatars2.githubusercontent.com/u/23007179?v=4','Jli0423@example.com',1586036605,'password'),('joshjacobson','Josh Jacobson','https://avatars0.githubusercontent.com/u/1466632?v=4','joshjacobson@example.com',1586036527,'password'),('Jspsun','Jonathan Sun','https://avatars1.githubusercontent.com/u/15675690?v=4','jonathan.sun@uwaterloo.ca',1586036609,'password'),('keenangaudio','Keenan Gaudio','https://avatars3.githubusercontent.com/u/35779579?v=4','keenangaudio@example.com',1586036567,'password'),('kfeine','None','https://avatars3.githubusercontent.com/u/23533762?v=4','kfeine@example.com',1586036528,'password'),('kirkang','None','https://avatars2.githubusercontent.com/u/17738053?v=4','kirkang@example.com',1586036530,'password'),('kolibril13','None','https://avatars2.githubusercontent.com/u/44469195?v=4','kolibril13@example.com',1586036580,'password'),('Lalourche','Lalourche','https://avatars3.githubusercontent.com/u/1742427?v=4','Lalourche@example.com',1586036582,'password'),('lewis-cooper','None','https://avatars3.githubusercontent.com/u/62891818?v=4','lewis-cooper@example.com',1586036581,'password'),('li-boxuan','Boxuan Li','https://avatars2.githubusercontent.com/u/25746010?v=4','li-boxuan@example.com',1586036540,'password'),('louisj381','Louis Johnson','https://avatars3.githubusercontent.com/u/23280852?v=4','louisj381@gmail.com',1586036568,'password'),('luketimmerman314','None','https://avatars1.githubusercontent.com/u/62107786?v=4','luketimmerman314@example.com',1586036602,'password'),('margarineHound','None','https://avatars1.githubusercontent.com/u/7854019?v=4','margarineHound@example.com',1586036517,'password'),('MatejVe','None','https://avatars2.githubusercontent.com/u/44779315?v=4','MatejVe@example.com',1586036586,'password'),('Micoael','3m1p','https://avatars0.githubusercontent.com/u/24697173?v=4','Micoael@example.com',1586036581,'password'),('mvfs314','None','https://avatars1.githubusercontent.com/u/25464768?v=4','mvfs314@example.com',1586036583,'password'),('naveenT1010','None','https://avatars1.githubusercontent.com/u/12369946?v=4','naveenT1010@example.com',1586036523,'password'),('nickyr','Nicky Robinson','https://avatars0.githubusercontent.com/u/1389687?v=4','nickyr@example.com',1586036532,'password'),('niranjantdesai','Niranjan Thakurdesai','https://avatars3.githubusercontent.com/u/15803433?v=4','niranjantdesai@example.com',1586036521,'password'),('nosnakeob','Snake','https://avatars2.githubusercontent.com/u/47769817?v=4','nosnakeob@example.com',1586036585,'password'),('pranavjain97','Pranav Jain','https://avatars1.githubusercontent.com/u/19895524?v=4','pranavjain97@yahoo.in',1586036448,'password'),('prateekiiest','Prateek Chanda','https://avatars0.githubusercontent.com/u/16035442?v=4','prateekkol21@gmail.com',1586036520,'password'),('qo4on','None','https://avatars2.githubusercontent.com/u/35609308?v=4','qo4on@example.com',1586036587,'password'),('rahul-iyer','Rahul Iyer','https://avatars1.githubusercontent.com/u/6436620?v=4','rahul-iyer@example.com',1586036447,'password'),('Ranoiaetep','None','https://avatars1.githubusercontent.com/u/55516229?v=4','Ranoiaetep@example.com',1586036586,'password'),('rpadams','Ryan Adams','https://avatars2.githubusercontent.com/u/1450174?v=4','rpadams@example.com',1586036599,'password'),('rrshaban','Razi Shaban','https://avatars2.githubusercontent.com/u/9829375?v=4','rrshaban@example.com',1586036534,'password'),('SquaredPi','Francesco Morini','https://avatars0.githubusercontent.com/u/1656094?v=4','francescomorini@about.me',1586036533,'password'),('srdg','Soumik Ranjan Dasgupta','https://avatars1.githubusercontent.com/u/20687315?v=4','srdg@example.com',1586036521,'password'),('Steff-san','None','https://avatars0.githubusercontent.com/u/62459475?v=4','Steff-san@example.com',1586036592,'password'),('SunnyNagam','Sunny Nagam','https://avatars3.githubusercontent.com/u/9154254?v=4','sunnynagam1@gmail.com',1586036565,'password'),('tanyachawla412','Tanya Chawla','https://avatars0.githubusercontent.com/u/54217015?v=4','tanya.chawla412@gmail.com',1586036516,'password'),('timalive','None','https://avatars0.githubusercontent.com/u/664629?v=4','timalive@example.com',1586036582,'password'),('utkuturk','utku turk','https://avatars2.githubusercontent.com/u/34624245?v=4','utku.turk@boun.edu.tr',1586036518,'password'),('Void2258','None','https://avatars3.githubusercontent.com/u/6126362?v=4','Void2258@example.com',1586036535,'password'),('voidstarstar','voidstarstar','https://avatars1.githubusercontent.com/u/8335186?v=4','voidstarstar@example.com',1586036518,'password'),('wrmacrae','None','https://avatars1.githubusercontent.com/u/2793499?v=4','wrmacrae@example.com',1586036527,'password'),('yadavabhinav16','None','https://avatars2.githubusercontent.com/u/18577454?v=4','yadavabhinav16@example.com',1586036519,'password'),('zahin-mohammad','Zahin Mohammad','https://avatars1.githubusercontent.com/u/24881706?v=4','zahin.dev@gmail.com',1586036627,'password');
/*!40000 ALTER TABLE `User` ENABLE KEYS */;
UNLOCK TABLES;
/*!40103 SET TIME_ZONE=@OLD_TIME_ZONE */;

/*!40101 SET SQL_MODE=@OLD_SQL_MODE */;
/*!40014 SET FOREIGN_KEY_CHECKS=@OLD_FOREIGN_KEY_CHECKS */;
/*!40014 SET UNIQUE_CHECKS=@OLD_UNIQUE_CHECKS */;
/*!40101 SET CHARACTER_SET_CLIENT=@OLD_CHARACTER_SET_CLIENT */;
/*!40101 SET CHARACTER_SET_RESULTS=@OLD_CHARACTER_SET_RESULTS */;
/*!40101 SET COLLATION_CONNECTION=@OLD_COLLATION_CONNECTION */;
/*!40111 SET SQL_NOTES=@OLD_SQL_NOTES */;

-- Dump completed on 2020-04-04 21:57:30
